Course Name,Prof1,Prof2,Prof3,Prof4,Prof5,Prof6,Prof7,Prof8,Prof9,Prof10,Prof11,Prof12,Prof13,Prof14,Prof15,Prof16,Prof17,Prof18,Prof19,Prof20,Prof21,Prof22,Prof23,Prof24,Prof25,Prof26,Prof27,Prof28,Prof29,Prof30
Logic_in_Computer Science1,Arnab Kumar Paul,Sanjay K. Sahay,Kunal Kishore Korgaonkar,Biju K. Raveendran Nair,Basabdatta Bhattacharya,Ashwin Srinivasan,Sravan Danda,Shubhangi Krushnachandra Gawali,Devashish Gosain,Gargi Sanket Prabhu,A. Baskar,Harikrishnan N. B.,Siddharth Gupta,Sujith Thomas,Sougata Sen,Tanmay Tulsidas Verlekart,Bharat Madhusudan Deshpande,Ramprasad S. Joshi,Swati Agarwal,Swaroop Joshi,A. Baskar,Snehanshu Saha,Aditya Challa,Ashwin Srinivasan,Bharat Madhusudan Deshpande,Devashish Gosain,Diptendu Chatterjee,Gargi Sanket Prabhu,Rajesh Kumar,Hemant Rathore
Discrete_Structures_in_Computer Science,Arnab Kumar Paul,Sanjay K. Sahay,Kunal Kishore Korgaonkar,Biju K. Raveendran Nair,Basabdatta Bhattacharya,Ashwin Srinivasan,Sravan Danda,Shubhangi Krushnachandra Gawali,Devashish Gosain,Gargi Sanket Prabhu,A. Baskar,Harikrishnan N. B.,Siddharth Gupta,Sujith Thomas,Sougata Sen,Tanmay Tulsidas Verlekart,Bharat Madhusudan Deshpande,Ramprasad S. Joshi,Swati Agarwal,Swaroop Joshi,A. Baskar,Snehanshu Saha,Aditya Challa,Ashwin Srinivasan,Bharat Madhusudan Deshpande,Devashish Gosain,Diptendu Chatterjee,Gargi Sanket Prabhu,Rajesh Kumar,Hemant Rathore
Digital_Design,Arnab Kumar Paul,Sanjay K. Sahay,Kunal Kishore Korgaonkar,Biju K. Raveendran Nair,Basabdatta Bhattacharya,Ashwin Srinivasan,Sravan Danda,Shubhangi Krushnachandra Gawali,Devashish Gosain,Gargi Sanket Prabhu,A. Baskar,Harikrishnan N. B.,Siddharth Gupta,Sujith Thomas,Sougata Sen,Tanmay Tulsidas Verlekart,Bharat Madhusudan Deshpande,Ramprasad S. Joshi,Swati Agarwal,Swaroop Joshi,A. Baskar,Snehanshu Saha,Aditya Challa,Ashwin Srinivasan,Bharat Madhusudan Deshpande,Devashish Gosain,Diptendu Chatterjee,Gargi Sanket Prabhu,Rajesh Kumar,Hemant Rathore
Object Oriented Programming,Arnab Kumar Paul,Sanjay K. Sahay,Kunal Kishore Korgaonkar,Biju K. Raveendran Nair,Basabdatta Bhattacharya,Ashwin Srinivasan,Sravan Danda,Shubhangi Krushnachandra Gawali,Devashish Gosain,Gargi Sanket Prabhu,A. Baskar,Harikrishnan N. B.,Siddharth Gupta,Sujith Thomas,Sougata Sen,Tanmay Tulsidas Verlekart,Bharat Madhusudan Deshpande,Ramprasad S. Joshi,Swati Agarwal,Swaroop Joshi,A. Baskar,Snehanshu Saha,Aditya Challa,Ashwin Srinivasan,Bharat Madhusudan Deshpande,Devashish Gosain,Diptendu Chatterjee,Gargi Sanket Prabhu,Rajesh Kumar,Hemant Rathore
Data Structure and Algorithms,Arnab Kumar Paul,Sanjay K. Sahay,Kunal Kishore Korgaonkar,Biju K. Raveendran Nair,Basabdatta Bhattacharya,Ashwin Srinivasan,Sravan Danda,Shubhangi Krushnachandra Gawali,Devashish Gosain,Gargi Sanket Prabhu,A. Baskar,Harikrishnan N. B.,Siddharth Gupta,Sujith Thomas,Sougata Sen,Tanmay Tulsidas Verlekart,Bharat Madhusudan Deshpande,Ramprasad S. Joshi,Swati Agarwal,Swaroop Joshi,A. Baskar,Snehanshu Saha,Aditya Challa,Ashwin Srinivasan,Bharat Madhusudan Deshpande,Devashish Gosain,Diptendu Chatterjee,Gargi Sanket Prabhu,Rajesh Kumar,Hemant Rathore
Database and Management Systems,Arnab Kumar Paul,Sanjay K. Sahay,Kunal Kishore Korgaonkar,Biju K. Raveendran Nair,Basabdatta Bhattacharya,Ashwin Srinivasan,Sravan Danda,Shubhangi Krushnachandra Gawali,Devashish Gosain,Gargi Sanket Prabhu,A. Baskar,Harikrishnan N. B.,Siddharth Gupta,Sujith Thomas,Sougata Sen,Tanmay Tulsidas Verlekart,Bharat Madhusudan Deshpande,Ramprasad S. Joshi,Swati Agarwal,Swaroop Joshi,A. Baskar,Snehanshu Saha,Aditya Challa,Ashwin Srinivasan,Bharat Madhusudan Deshpande,Devashish Gosain,Diptendu Chatterjee,Gargi Sanket Prabhu,Rajesh Kumar,Hemant Rathore
MUP,Arnab Kumar Paul,Sanjay K. Sahay,Kunal Kishore Korgaonkar,Biju K. Raveendran Nair,Basabdatta Bhattacharya,Ashwin Srinivasan,Sravan Danda,Shubhangi Krushnachandra Gawali,Devashish Gosain,Gargi Sanket Prabhu,A. Baskar,Harikrishnan N. B.,Siddharth Gupta,Sujith Thomas,Sougata Sen,Tanmay Tulsidas Verlekart,Bharat Madhusudan Deshpande,Ramprasad S. Joshi,Swati Agarwal,Swaroop Joshi,A. Baskar,Snehanshu Saha,Aditya Challa,Ashwin Srinivasan,Bharat Madhusudan Deshpande,Devashish Gosain,Diptendu Chatterjee,Gargi Sanket Prabhu,Rajesh Kumar,Hemant Rathore
Operating Systems,Arnab Kumar Paul,Sanjay K. Sahay,Kunal Kishore Korgaonkar,Biju K. Raveendran Nair,Basabdatta Bhattacharya,Ashwin Srinivasan,Sravan Danda,Shubhangi Krushnachandra Gawali,Devashish Gosain,Gargi Sanket Prabhu,A. Baskar,Harikrishnan N. B.,Siddharth Gupta,Sujith Thomas,Sougata Sen,Tanmay Tulsidas Verlekart,Bharat Madhusudan Deshpande,Ramprasad S. Joshi,Swati Agarwal,Swaroop Joshi,A. Baskar,Snehanshu Saha,Aditya Challa,Ashwin Srinivasan,Bharat Madhusudan Deshpande,Devashish Gosain,Diptendu Chatterjee,Gargi Sanket Prabhu,Rajesh Kumar,Hemant Rathore
Computer Architecture,Arnab Kumar Paul,Sanjay K. Sahay,Kunal Kishore Korgaonkar,Biju K. Raveendran Nair,Basabdatta Bhattacharya,Ashwin Srinivasan,Sravan Danda,Shubhangi Krushnachandra Gawali,Devashish Gosain,Gargi Sanket Prabhu,A. Baskar,Harikrishnan N. B.,Siddharth Gupta,Sujith Thomas,Sougata Sen,Tanmay Tulsidas Verlekart,Bharat Madhusudan Deshpande,Ramprasad S. Joshi,Swati Agarwal,Swaroop Joshi,A. Baskar,Snehanshu Saha,Aditya Challa,Ashwin Srinivasan,Bharat Madhusudan Deshpande,Devashish Gosain,Diptendu Chatterjee,Gargi Sanket Prabhu,Rajesh Kumar,Hemant Rathore
Principle of Programming Languages,Arnab Kumar Paul,Sanjay K. Sahay,Kunal Kishore Korgaonkar,Biju K. Raveendran Nair,Basabdatta Bhattacharya,Ashwin Srinivasan,Sravan Danda,Shubhangi Krushnachandra Gawali,Devashish Gosain,Gargi Sanket Prabhu,A. Baskar,Harikrishnan N. B.,Siddharth Gupta,Sujith Thomas,Sougata Sen,Tanmay Tulsidas Verlekart,Bharat Madhusudan Deshpande,Ramprasad S. Joshi,Swati Agarwal,Swaroop Joshi,A. Baskar,Snehanshu Saha,Aditya Challa,Ashwin Srinivasan,Bharat Madhusudan Deshpande,Devashish Gosain,Diptendu Chatterjee,Gargi Sanket Prabhu,Rajesh Kumar,Hemant Rathore
Theory of Computation,Arnab Kumar Paul,Sanjay K. Sahay,Kunal Kishore Korgaonkar,Biju K. Raveendran Nair,Basabdatta Bhattacharya,Ashwin Srinivasan,Sravan Danda,Shubhangi Krushnachandra Gawali,Devashish Gosain,Gargi Sanket Prabhu,A. Baskar,Harikrishnan N. B.,Siddharth Gupta,Sujith Thomas,Sougata Sen,Tanmay Tulsidas Verlekart,Bharat Madhusudan Deshpande,Ramprasad S. Joshi,Swati Agarwal,Swaroop Joshi,A. Baskar,Snehanshu Saha,Aditya Challa,Ashwin Srinivasan,Bharat Madhusudan Deshpande,Devashish Gosain,Diptendu Chatterjee,Gargi Sanket Prabhu,Rajesh Kumar,Hemant Rathore
Computer Programming,Arnab Kumar Paul,Sanjay K. Sahay,Kunal Kishore Korgaonkar,Biju K. Raveendran Nair,Basabdatta Bhattacharya,Ashwin Srinivasan,Sravan Danda,Shubhangi Krushnachandra Gawali,Devashish Gosain,Gargi Sanket Prabhu,A. Baskar,Harikrishnan N. B.,Siddharth Gupta,Sujith Thomas,Sougata Sen,Tanmay Tulsidas Verlekart,Bharat Madhusudan Deshpande,Ramprasad S. Joshi,Swati Agarwal,Swaroop Joshi,A. Baskar,Snehanshu Saha,Aditya Challa,Ashwin Srinivasan,Bharat Madhusudan Deshpande,Devashish Gosain,Diptendu Chatterjee,Gargi Sanket Prabhu,Rajesh Kumar,Hemant Rathore
Compiler Construction,Arnab Kumar Paul,Sanjay K. Sahay,Kunal Kishore Korgaonkar,Biju K. Raveendran Nair,Basabdatta Bhattacharya,Ashwin Srinivasan,Sravan Danda,Shubhangi Krushnachandra Gawali,Devashish Gosain,Gargi Sanket Prabhu,A. Baskar,Harikrishnan N. B.,Siddharth Gupta,Sujith Thomas,Sougata Sen,Tanmay Tulsidas Verlekart,Bharat Madhusudan Deshpande,Ramprasad S. Joshi,Swati Agarwal,Swaroop Joshi,A. Baskar,Snehanshu Saha,Aditya Challa,Ashwin Srinivasan,Bharat Madhusudan Deshpande,Devashish Gosain,Diptendu Chatterjee,Gargi Sanket Prabhu,Rajesh Kumar,Hemant Rathore
Intro to Computer Security,Arnab Kumar Paul,Sanjay K. Sahay,Kunal Kishore Korgaonkar,Biju K. Raveendran Nair,Basabdatta Bhattacharya,Ashwin Srinivasan,Sravan Danda,Shubhangi Krushnachandra Gawali,Devashish Gosain,Gargi Sanket Prabhu,A. Baskar,Harikrishnan N. B.,Siddharth Gupta,Sujith Thomas,Sougata Sen,Tanmay Tulsidas Verlekart,Bharat Madhusudan Deshpande,Ramprasad S. Joshi,Swati Agarwal,Swaroop Joshi,A. Baskar,Snehanshu Saha,Aditya Challa,Ashwin Srinivasan,Bharat Madhusudan Deshpande,Devashish Gosain,Diptendu Chatterjee,Gargi Sanket Prabhu,Rajesh Kumar,Hemant Rathore
Real-Time Concepts for Embedded Systems�,Arnab Kumar Paul,Sanjay K. Sahay,Kunal Kishore Korgaonkar,Biju K. Raveendran Nair,Basabdatta Bhattacharya,Ashwin Srinivasan,Sravan Danda,Shubhangi Krushnachandra Gawali,Devashish Gosain,Gargi Sanket Prabhu,A. Baskar,Harikrishnan N. B.,Siddharth Gupta,Sujith Thomas,Sougata Sen,Tanmay Tulsidas Verlekart,Bharat Madhusudan Deshpande,Ramprasad S. Joshi,Swati Agarwal,Swaroop Joshi,A. Baskar,Snehanshu Saha,Aditya Challa,Ashwin Srinivasan,Bharat Madhusudan Deshpande,Devashish Gosain,Diptendu Chatterjee,Gargi Sanket Prabhu,Rajesh Kumar,Hemant Rathore
Introduction to Networking,Arnab Kumar Paul,Sanjay K. Sahay,Kunal Kishore Korgaonkar,Biju K. Raveendran Nair,Basabdatta Bhattacharya,Ashwin Srinivasan,Sravan Danda,Shubhangi Krushnachandra Gawali,Devashish Gosain,Gargi Sanket Prabhu,A. Baskar,Harikrishnan N. B.,Siddharth Gupta,Sujith Thomas,Sougata Sen,Tanmay Tulsidas Verlekart,Bharat Madhusudan Deshpande,Ramprasad S. Joshi,Swati Agarwal,Swaroop Joshi,A. Baskar,Snehanshu Saha,Aditya Challa,Ashwin Srinivasan,Bharat Madhusudan Deshpande,Devashish Gosain,Diptendu Chatterjee,Gargi Sanket Prabhu,Rajesh Kumar,Hemant Rathore
Introduction to Computer Security,Arnab Kumar Paul,Sanjay K. Sahay,Kunal Kishore Korgaonkar,Biju K. Raveendran Nair,Basabdatta Bhattacharya,Ashwin Srinivasan,Sravan Danda,Shubhangi Krushnachandra Gawali,Devashish Gosain,Gargi Sanket Prabhu,A. Baskar,Harikrishnan N. B.,Siddharth Gupta,Sujith Thomas,Sougata Sen,Tanmay Tulsidas Verlekart,Bharat Madhusudan Deshpande,Ramprasad S. Joshi,Swati Agarwal,Swaroop Joshi,A. Baskar,Snehanshu Saha,Aditya Challa,Ashwin Srinivasan,Bharat Madhusudan Deshpande,Devashish Gosain,Diptendu Chatterjee,Gargi Sanket Prabhu,Rajesh Kumar,Hemant Rathore
Cloud Computing,Arnab Kumar Paul,Sanjay K. Sahay,Kunal Kishore Korgaonkar,Biju K. Raveendran Nair,Basabdatta Bhattacharya,Ashwin Srinivasan,Sravan Danda,Shubhangi Krushnachandra Gawali,Devashish Gosain,Gargi Sanket Prabhu,A. Baskar,Harikrishnan N. B.,Siddharth Gupta,Sujith Thomas,Sougata Sen,Tanmay Tulsidas Verlekart,Bharat Madhusudan Deshpande,Ramprasad S. Joshi,Swati Agarwal,Swaroop Joshi,A. Baskar,Snehanshu Saha,Aditya Challa,Ashwin Srinivasan,Bharat Madhusudan Deshpande,Devashish Gosain,Diptendu Chatterjee,Gargi Sanket Prabhu,Rajesh Kumar,Hemant Rathore
Numerical Analysis and Computing,Arnab Kumar Paul,Sanjay K. Sahay,Kunal Kishore Korgaonkar,Biju K. Raveendran Nair,Basabdatta Bhattacharya,Ashwin Srinivasan,Sravan Danda,Shubhangi Krushnachandra Gawali,Devashish Gosain,Gargi Sanket Prabhu,A. Baskar,Harikrishnan N. B.,Siddharth Gupta,Sujith Thomas,Sougata Sen,Tanmay Tulsidas Verlekart,Bharat Madhusudan Deshpande,Ramprasad S. Joshi,Swati Agarwal,Swaroop Joshi,A. Baskar,Snehanshu Saha,Aditya Challa,Ashwin Srinivasan,Bharat Madhusudan Deshpande,Devashish Gosain,Diptendu Chatterjee,Gargi Sanket Prabhu,Rajesh Kumar,Hemant Rathore
Logic Programming,Arnab Kumar Paul,Sanjay K. Sahay,Kunal Kishore Korgaonkar,Biju K. Raveendran Nair,Basabdatta Bhattacharya,Ashwin Srinivasan,Sravan Danda,Shubhangi Krushnachandra Gawali,Devashish Gosain,Gargi Sanket Prabhu,A. Baskar,Harikrishnan N. B.,Siddharth Gupta,Sujith Thomas,Sougata Sen,Tanmay Tulsidas Verlekart,Bharat Madhusudan Deshpande,Ramprasad S. Joshi,Swati Agarwal,Swaroop Joshi,A. Baskar,Snehanshu Saha,Aditya Challa,Ashwin Srinivasan,Bharat Madhusudan Deshpande,Devashish Gosain,Diptendu Chatterjee,Gargi Sanket Prabhu,Rajesh Kumar,Hemant Rathore
Digital Embedded Systems Design with HDL,Arnab Kumar Paul,Sanjay K. Sahay,Kunal Kishore Korgaonkar,Biju K. Raveendran Nair,Basabdatta Bhattacharya,Ashwin Srinivasan,Sravan Danda,Shubhangi Krushnachandra Gawali,Devashish Gosain,Gargi Sanket Prabhu,A. Baskar,Harikrishnan N. B.,Siddharth Gupta,Sujith Thomas,Sougata Sen,Tanmay Tulsidas Verlekart,Bharat Madhusudan Deshpande,Ramprasad S. Joshi,Swati Agarwal,Swaroop Joshi,A. Baskar,Snehanshu Saha,Aditya Challa,Ashwin Srinivasan,Bharat Madhusudan Deshpande,Devashish Gosain,Diptendu Chatterjee,Gargi Sanket Prabhu,Rajesh Kumar,Hemant Rathore
Principles and Techniques of Data Science,Arnab Kumar Paul,Sanjay K. Sahay,Kunal Kishore Korgaonkar,Biju K. Raveendran Nair,Basabdatta Bhattacharya,Ashwin Srinivasan,Sravan Danda,Shubhangi Krushnachandra Gawali,Devashish Gosain,Gargi Sanket Prabhu,A. Baskar,Harikrishnan N. B.,Siddharth Gupta,Sujith Thomas,Sougata Sen,Tanmay Tulsidas Verlekart,Bharat Madhusudan Deshpande,Ramprasad S. Joshi,Swati Agarwal,Swaroop Joshi,A. Baskar,Snehanshu Saha,Aditya Challa,Ashwin Srinivasan,Bharat Madhusudan Deshpande,Devashish Gosain,Diptendu Chatterjee,Gargi Sanket Prabhu,Rajesh Kumar,Hemant Rathore
Introduction to Software Engineering,Arnab Kumar Paul,Sanjay K. Sahay,Kunal Kishore Korgaonkar,Biju K. Raveendran Nair,Basabdatta Bhattacharya,Ashwin Srinivasan,Sravan Danda,Shubhangi Krushnachandra Gawali,Devashish Gosain,Gargi Sanket Prabhu,A. Baskar,Harikrishnan N. B.,Siddharth Gupta,Sujith Thomas,Sougata Sen,Tanmay Tulsidas Verlekart,Bharat Madhusudan Deshpande,Ramprasad S. Joshi,Swati Agarwal,Swaroop Joshi,A. Baskar,Snehanshu Saha,Aditya Challa,Ashwin Srinivasan,Bharat Madhusudan Deshpande,Devashish Gosain,Diptendu Chatterjee,Gargi Sanket Prabhu,Rajesh Kumar,Hemant Rathore
Foundations of Data Science,Arnab Kumar Paul,Sanjay K. Sahay,Kunal Kishore Korgaonkar,Biju K. Raveendran Nair,Basabdatta Bhattacharya,Ashwin Srinivasan,Sravan Danda,Shubhangi Krushnachandra Gawali,Devashish Gosain,Gargi Sanket Prabhu,A. Baskar,Harikrishnan N. B.,Siddharth Gupta,Sujith Thomas,Sougata Sen,Tanmay Tulsidas Verlekart,Bharat Madhusudan Deshpande,Ramprasad S. Joshi,Swati Agarwal,Swaroop Joshi,A. Baskar,Snehanshu Saha,Aditya Challa,Ashwin Srinivasan,Bharat Madhusudan Deshpande,Devashish Gosain,Diptendu Chatterjee,Gargi Sanket Prabhu,Rajesh Kumar,Hemant Rathore
Web Programming,Arnab Kumar Paul,Sanjay K. Sahay,Kunal Kishore Korgaonkar,Biju K. Raveendran Nair,Basabdatta Bhattacharya,Ashwin Srinivasan,Sravan Danda,Shubhangi Krushnachandra Gawali,Devashish Gosain,Gargi Sanket Prabhu,A. Baskar,Harikrishnan N. B.,Siddharth Gupta,Sujith Thomas,Sougata Sen,Tanmay Tulsidas Verlekart,Bharat Madhusudan Deshpande,Ramprasad S. Joshi,Swati Agarwal,Swaroop Joshi,A. Baskar,Snehanshu Saha,Aditya Challa,Ashwin Srinivasan,Bharat Madhusudan Deshpande,Devashish Gosain,Diptendu Chatterjee,Gargi Sanket Prabhu,Rajesh Kumar,Hemant Rathore
Computer Systems Analysis and Design�,Arnab Kumar Paul,Sanjay K. Sahay,Kunal Kishore Korgaonkar,Biju K. Raveendran Nair,Basabdatta Bhattacharya,Ashwin Srinivasan,Sravan Danda,Shubhangi Krushnachandra Gawali,Devashish Gosain,Gargi Sanket Prabhu,A. Baskar,Harikrishnan N. B.,Siddharth Gupta,Sujith Thomas,Sougata Sen,Tanmay Tulsidas Verlekart,Bharat Madhusudan Deshpande,Ramprasad S. Joshi,Swati Agarwal,Swaroop Joshi,A. Baskar,Snehanshu Saha,Aditya Challa,Ashwin Srinivasan,Bharat Madhusudan Deshpande,Devashish Gosain,Diptendu Chatterjee,Gargi Sanket Prabhu,Rajesh Kumar,Hemant Rathore
Project Management and Practice,Arnab Kumar Paul,Sanjay K. Sahay,Kunal Kishore Korgaonkar,Biju K. Raveendran Nair,Basabdatta Bhattacharya,Ashwin Srinivasan,Sravan Danda,Shubhangi Krushnachandra Gawali,Devashish Gosain,Gargi Sanket Prabhu,A. Baskar,Harikrishnan N. B.,Siddharth Gupta,Sujith Thomas,Sougata Sen,Tanmay Tulsidas Verlekart,Bharat Madhusudan Deshpande,Ramprasad S. Joshi,Swati Agarwal,Swaroop Joshi,A. Baskar,Snehanshu Saha,Aditya Challa,Ashwin Srinivasan,Bharat Madhusudan Deshpande,Devashish Gosain,Diptendu Chatterjee,Gargi Sanket Prabhu,Rajesh Kumar,Hemant Rathore
Computational Thinking,Arnab Kumar Paul,Sanjay K. Sahay,Kunal Kishore Korgaonkar,Biju K. Raveendran Nair,Basabdatta Bhattacharya,Ashwin Srinivasan,Sravan Danda,Shubhangi Krushnachandra Gawali,Devashish Gosain,Gargi Sanket Prabhu,A. Baskar,Harikrishnan N. B.,Siddharth Gupta,Sujith Thomas,Sougata Sen,Tanmay Tulsidas Verlekart,Bharat Madhusudan Deshpande,Ramprasad S. Joshi,Swati Agarwal,Swaroop Joshi,A. Baskar,Snehanshu Saha,Aditya Challa,Ashwin Srinivasan,Bharat Madhusudan Deshpande,Devashish Gosain,Diptendu Chatterjee,Gargi Sanket Prabhu,Rajesh Kumar,Hemant Rathore
Assembly Language and Digital Circuits,Arnab Kumar Paul,Sanjay K. Sahay,Kunal Kishore Korgaonkar,Biju K. Raveendran Nair,Basabdatta Bhattacharya,Ashwin Srinivasan,Sravan Danda,Shubhangi Krushnachandra Gawali,Devashish Gosain,Gargi Sanket Prabhu,A. Baskar,Harikrishnan N. B.,Siddharth Gupta,Sujith Thomas,Sougata Sen,Tanmay Tulsidas Verlekart,Bharat Madhusudan Deshpande,Ramprasad S. Joshi,Swati Agarwal,Swaroop Joshi,A. Baskar,Snehanshu Saha,Aditya Challa,Ashwin Srinivasan,Bharat Madhusudan Deshpande,Devashish Gosain,Diptendu Chatterjee,Gargi Sanket Prabhu,Rajesh Kumar,Hemant Rathore
Selected Topics in Computing,Arnab Kumar Paul,Sanjay K. Sahay,Kunal Kishore Korgaonkar,Biju K. Raveendran Nair,Basabdatta Bhattacharya,Ashwin Srinivasan,Sravan Danda,Shubhangi Krushnachandra Gawali,Devashish Gosain,Gargi Sanket Prabhu,A. Baskar,Harikrishnan N. B.,Siddharth Gupta,Sujith Thomas,Sougata Sen,Tanmay Tulsidas Verlekart,Bharat Madhusudan Deshpande,Ramprasad S. Joshi,Swati Agarwal,Swaroop Joshi,A. Baskar,Snehanshu Saha,Aditya Challa,Ashwin Srinivasan,Bharat Madhusudan Deshpande,Devashish Gosain,Diptendu Chatterjee,Gargi Sanket Prabhu,Rajesh Kumar,Hemant Rathore
Algorithmic Justice,Arnab Kumar Paul,Sanjay K. Sahay,Kunal Kishore Korgaonkar,Biju K. Raveendran Nair,Basabdatta Bhattacharya,Ashwin Srinivasan,Sravan Danda,Shubhangi Krushnachandra Gawali,Devashish Gosain,Gargi Sanket Prabhu,A. Baskar,Harikrishnan N. B.,Siddharth Gupta,Sujith Thomas,Sougata Sen,Tanmay Tulsidas Verlekart,Bharat Madhusudan Deshpande,Ramprasad S. Joshi,Swati Agarwal,Swaroop Joshi,A. Baskar,Snehanshu Saha,Aditya Challa,Ashwin Srinivasan,Bharat Madhusudan Deshpande,Devashish Gosain,Diptendu Chatterjee,Gargi Sanket Prabhu,Rajesh Kumar,Hemant Rathore
Problem Solving with Java Programming�,Arnab Kumar Paul,Sanjay K. Sahay,Kunal Kishore Korgaonkar,Biju K. Raveendran Nair,Basabdatta Bhattacharya,Ashwin Srinivasan,Sravan Danda,Shubhangi Krushnachandra Gawali,Devashish Gosain,Gargi Sanket Prabhu,A. Baskar,Harikrishnan N. B.,Siddharth Gupta,Sujith Thomas,Sougata Sen,Tanmay Tulsidas Verlekart,Bharat Madhusudan Deshpande,Ramprasad S. Joshi,Swati Agarwal,Swaroop Joshi,A. Baskar,Snehanshu Saha,Aditya Challa,Ashwin Srinivasan,Bharat Madhusudan Deshpande,Devashish Gosain,Diptendu Chatterjee,Gargi Sanket Prabhu,Rajesh Kumar,Hemant Rathore
Introduction to Computer Animation,Arnab Kumar Paul,Sanjay K. Sahay,Kunal Kishore Korgaonkar,Biju K. Raveendran Nair,Basabdatta Bhattacharya,Ashwin Srinivasan,Sravan Danda,Shubhangi Krushnachandra Gawali,Devashish Gosain,Gargi Sanket Prabhu,A. Baskar,Harikrishnan N. B.,Siddharth Gupta,Sujith Thomas,Sougata Sen,Tanmay Tulsidas Verlekart,Bharat Madhusudan Deshpande,Ramprasad S. Joshi,Swati Agarwal,Swaroop Joshi,A. Baskar,Snehanshu Saha,Aditya Challa,Ashwin Srinivasan,Bharat Madhusudan Deshpande,Devashish Gosain,Diptendu Chatterjee,Gargi Sanket Prabhu,Rajesh Kumar,Hemant Rathore
Introduction to Artificial Intelligence,Arnab Kumar Paul,Sanjay K. Sahay,Kunal Kishore Korgaonkar,Biju K. Raveendran Nair,Basabdatta Bhattacharya,Ashwin Srinivasan,Sravan Danda,Shubhangi Krushnachandra Gawali,Devashish Gosain,Gargi Sanket Prabhu,A. Baskar,Harikrishnan N. B.,Siddharth Gupta,Sujith Thomas,Sougata Sen,Tanmay Tulsidas Verlekart,Bharat Madhusudan Deshpande,Ramprasad S. Joshi,Swati Agarwal,Swaroop Joshi,A. Baskar,Snehanshu Saha,Aditya Challa,Ashwin Srinivasan,Bharat Madhusudan Deshpande,Devashish Gosain,Diptendu Chatterjee,Gargi Sanket Prabhu,Rajesh Kumar,Hemant Rathore
Artificial Neural Networks,Arnab Kumar Paul,Sanjay K. Sahay,Kunal Kishore Korgaonkar,Biju K. Raveendran Nair,Basabdatta Bhattacharya,Ashwin Srinivasan,Sravan Danda,Shubhangi Krushnachandra Gawali,Devashish Gosain,Gargi Sanket Prabhu,A. Baskar,Harikrishnan N. B.,Siddharth Gupta,Sujith Thomas,Sougata Sen,Tanmay Tulsidas Verlekart,Bharat Madhusudan Deshpande,Ramprasad S. Joshi,Swati Agarwal,Swaroop Joshi,A. Baskar,Snehanshu Saha,Aditya Challa,Ashwin Srinivasan,Bharat Madhusudan Deshpande,Devashish Gosain,Diptendu Chatterjee,Gargi Sanket Prabhu,Rajesh Kumar,Hemant Rathore
Introduction to Deep Learning,Arnab Kumar Paul,Sanjay K. Sahay,Kunal Kishore Korgaonkar,Biju K. Raveendran Nair,Basabdatta Bhattacharya,Ashwin Srinivasan,Sravan Danda,Shubhangi Krushnachandra Gawali,Devashish Gosain,Gargi Sanket Prabhu,A. Baskar,Harikrishnan N. B.,Siddharth Gupta,Sujith Thomas,Sougata Sen,Tanmay Tulsidas Verlekart,Bharat Madhusudan Deshpande,Ramprasad S. Joshi,Swati Agarwal,Swaroop Joshi,A. Baskar,Snehanshu Saha,Aditya Challa,Ashwin Srinivasan,Bharat Madhusudan Deshpande,Devashish Gosain,Diptendu Chatterjee,Gargi Sanket Prabhu,Rajesh Kumar,Hemant Rathore
Introduction to Opitmization,Arnab Kumar Paul,Sanjay K. Sahay,Kunal Kishore Korgaonkar,Biju K. Raveendran Nair,Basabdatta Bhattacharya,Ashwin Srinivasan,Sravan Danda,Shubhangi Krushnachandra Gawali,Devashish Gosain,Gargi Sanket Prabhu,A. Baskar,Harikrishnan N. B.,Siddharth Gupta,Sujith Thomas,Sougata Sen,Tanmay Tulsidas Verlekart,Bharat Madhusudan Deshpande,Ramprasad S. Joshi,Swati Agarwal,Swaroop Joshi,A. Baskar,Snehanshu Saha,Aditya Challa,Ashwin Srinivasan,Bharat Madhusudan Deshpande,Devashish Gosain,Diptendu Chatterjee,Gargi Sanket Prabhu,Rajesh Kumar,Hemant Rathore
Introduction to Mobile Programming,Arnab Kumar Paul,Sanjay K. Sahay,Kunal Kishore Korgaonkar,Biju K. Raveendran Nair,Basabdatta Bhattacharya,Ashwin Srinivasan,Sravan Danda,Shubhangi Krushnachandra Gawali,Devashish Gosain,Gargi Sanket Prabhu,A. Baskar,Harikrishnan N. B.,Siddharth Gupta,Sujith Thomas,Sougata Sen,Tanmay Tulsidas Verlekart,Bharat Madhusudan Deshpande,Ramprasad S. Joshi,Swati Agarwal,Swaroop Joshi,A. Baskar,Snehanshu Saha,Aditya Challa,Ashwin Srinivasan,Bharat Madhusudan Deshpande,Devashish Gosain,Diptendu Chatterjee,Gargi Sanket Prabhu,Rajesh Kumar,Hemant Rathore
Game Programming,Arnab Kumar Paul,Sanjay K. Sahay,Kunal Kishore Korgaonkar,Biju K. Raveendran Nair,Basabdatta Bhattacharya,Ashwin Srinivasan,Sravan Danda,Shubhangi Krushnachandra Gawali,Devashish Gosain,Gargi Sanket Prabhu,A. Baskar,Harikrishnan N. B.,Siddharth Gupta,Sujith Thomas,Sougata Sen,Tanmay Tulsidas Verlekart,Bharat Madhusudan Deshpande,Ramprasad S. Joshi,Swati Agarwal,Swaroop Joshi,A. Baskar,Snehanshu Saha,Aditya Challa,Ashwin Srinivasan,Bharat Madhusudan Deshpande,Devashish Gosain,Diptendu Chatterjee,Gargi Sanket Prabhu,Rajesh Kumar,Hemant Rathore
Virtual Reality,Arnab Kumar Paul,Sanjay K. Sahay,Kunal Kishore Korgaonkar,Biju K. Raveendran Nair,Basabdatta Bhattacharya,Ashwin Srinivasan,Sravan Danda,Shubhangi Krushnachandra Gawali,Devashish Gosain,Gargi Sanket Prabhu,A. Baskar,Harikrishnan N. B.,Siddharth Gupta,Sujith Thomas,Sougata Sen,Tanmay Tulsidas Verlekart,Bharat Madhusudan Deshpande,Ramprasad S. Joshi,Swati Agarwal,Swaroop Joshi,A. Baskar,Snehanshu Saha,Aditya Challa,Ashwin Srinivasan,Bharat Madhusudan Deshpande,Devashish Gosain,Diptendu Chatterjee,Gargi Sanket Prabhu,Rajesh Kumar,Hemant Rathore
Introduction to Internet of Things,Arnab Kumar Paul,Sanjay K. Sahay,Kunal Kishore Korgaonkar,Biju K. Raveendran Nair,Basabdatta Bhattacharya,Ashwin Srinivasan,Sravan Danda,Shubhangi Krushnachandra Gawali,Devashish Gosain,Gargi Sanket Prabhu,A. Baskar,Harikrishnan N. B.,Siddharth Gupta,Sujith Thomas,Sougata Sen,Tanmay Tulsidas Verlekart,Bharat Madhusudan Deshpande,Ramprasad S. Joshi,Swati Agarwal,Swaroop Joshi,A. Baskar,Snehanshu Saha,Aditya Challa,Ashwin Srinivasan,Bharat Madhusudan Deshpande,Devashish Gosain,Diptendu Chatterjee,Gargi Sanket Prabhu,Rajesh Kumar,Hemant Rathore
Individual Study in Computer Science,Arnab Kumar Paul,Sanjay K. Sahay,Kunal Kishore Korgaonkar,Biju K. Raveendran Nair,Basabdatta Bhattacharya,Ashwin Srinivasan,Sravan Danda,Shubhangi Krushnachandra Gawali,Devashish Gosain,Gargi Sanket Prabhu,A. Baskar,Harikrishnan N. B.,Siddharth Gupta,Sujith Thomas,Sougata Sen,Tanmay Tulsidas Verlekart,Bharat Madhusudan Deshpande,Ramprasad S. Joshi,Swati Agarwal,Swaroop Joshi,A. Baskar,Snehanshu Saha,Aditya Challa,Ashwin Srinivasan,Bharat Madhusudan Deshpande,Devashish Gosain,Diptendu Chatterjee,Gargi Sanket Prabhu,Rajesh Kumar,Hemant Rathore
Independent Research in Computer Science,Arnab Kumar Paul,Sanjay K. Sahay,Kunal Kishore Korgaonkar,Biju K. Raveendran Nair,Basabdatta Bhattacharya,Ashwin Srinivasan,Sravan Danda,Shubhangi Krushnachandra Gawali,Devashish Gosain,Gargi Sanket Prabhu,A. Baskar,Harikrishnan N. B.,Siddharth Gupta,Sujith Thomas,Sougata Sen,Tanmay Tulsidas Verlekart,Bharat Madhusudan Deshpande,Ramprasad S. Joshi,Swati Agarwal,Swaroop Joshi,A. Baskar,Snehanshu Saha,Aditya Challa,Ashwin Srinivasan,Bharat Madhusudan Deshpande,Devashish Gosain,Diptendu Chatterjee,Gargi Sanket Prabhu,Rajesh Kumar,Hemant Rathore
Topics in Computer Science,Arnab Kumar Paul,Sanjay K. Sahay,Kunal Kishore Korgaonkar,Biju K. Raveendran Nair,Basabdatta Bhattacharya,Ashwin Srinivasan,Sravan Danda,Shubhangi Krushnachandra Gawali,Devashish Gosain,Gargi Sanket Prabhu,A. Baskar,Harikrishnan N. B.,Siddharth Gupta,Sujith Thomas,Sougata Sen,Tanmay Tulsidas Verlekart,Bharat Madhusudan Deshpande,Ramprasad S. Joshi,Swati Agarwal,Swaroop Joshi,A. Baskar,Snehanshu Saha,Aditya Challa,Ashwin Srinivasan,Bharat Madhusudan Deshpande,Devashish Gosain,Diptendu Chatterjee,Gargi Sanket Prabhu,Rajesh Kumar,Hemant Rathore
Computer Science I,Arnab Kumar Paul,Sanjay K. Sahay,Kunal Kishore Korgaonkar,Biju K. Raveendran Nair,Basabdatta Bhattacharya,Ashwin Srinivasan,Sravan Danda,Shubhangi Krushnachandra Gawali,Devashish Gosain,Gargi Sanket Prabhu,A. Baskar,Harikrishnan N. B.,Siddharth Gupta,Sujith Thomas,Sougata Sen,Tanmay Tulsidas Verlekart,Bharat Madhusudan Deshpande,Ramprasad S. Joshi,Swati Agarwal,Swaroop Joshi,A. Baskar,Snehanshu Saha,Aditya Challa,Ashwin Srinivasan,Bharat Madhusudan Deshpande,Devashish Gosain,Diptendu Chatterjee,Gargi Sanket Prabhu,Rajesh Kumar,Hemant Rathore
Computer Mastery,Arnab Kumar Paul,Sanjay K. Sahay,Kunal Kishore Korgaonkar,Biju K. Raveendran Nair,Basabdatta Bhattacharya,Ashwin Srinivasan,Sravan Danda,Shubhangi Krushnachandra Gawali,Devashish Gosain,Gargi Sanket Prabhu,A. Baskar,Harikrishnan N. B.,Siddharth Gupta,Sujith Thomas,Sougata Sen,Tanmay Tulsidas Verlekart,Bharat Madhusudan Deshpande,Ramprasad S. Joshi,Swati Agarwal,Swaroop Joshi,A. Baskar,Snehanshu Saha,Aditya Challa,Ashwin Srinivasan,Bharat Madhusudan Deshpande,Devashish Gosain,Diptendu Chatterjee,Gargi Sanket Prabhu,Rajesh Kumar,Hemant Rathore
Introduction to Data Mining,Arnab Kumar Paul,Sanjay K. Sahay,Kunal Kishore Korgaonkar,Biju K. Raveendran Nair,Basabdatta Bhattacharya,Ashwin Srinivasan,Sravan Danda,Shubhangi Krushnachandra Gawali,Devashish Gosain,Gargi Sanket Prabhu,A. Baskar,Harikrishnan N. B.,Siddharth Gupta,Sujith Thomas,Sougata Sen,Tanmay Tulsidas Verlekart,Bharat Madhusudan Deshpande,Ramprasad S. Joshi,Swati Agarwal,Swaroop Joshi,A. Baskar,Snehanshu Saha,Aditya Challa,Ashwin Srinivasan,Bharat Madhusudan Deshpande,Devashish Gosain,Diptendu Chatterjee,Gargi Sanket Prabhu,Rajesh Kumar,Hemant Rathore
Analysis and Intractability �of Algorithms,Arnab Kumar Paul,Sanjay K. Sahay,Kunal Kishore Korgaonkar,Biju K. Raveendran Nair,Basabdatta Bhattacharya,Ashwin Srinivasan,Sravan Danda,Shubhangi Krushnachandra Gawali,Devashish Gosain,Gargi Sanket Prabhu,A. Baskar,Harikrishnan N. B.,Siddharth Gupta,Sujith Thomas,Sougata Sen,Tanmay Tulsidas Verlekart,Bharat Madhusudan Deshpande,Ramprasad S. Joshi,Swati Agarwal,Swaroop Joshi,A. Baskar,Snehanshu Saha,Aditya Challa,Ashwin Srinivasan,Bharat Madhusudan Deshpande,Devashish Gosain,Diptendu Chatterjee,Gargi Sanket Prabhu,Rajesh Kumar,Hemant Rathore
Data Communication and Computer Networks,Arnab Kumar Paul,Sanjay K. Sahay,Kunal Kishore Korgaonkar,Biju K. Raveendran Nair,Basabdatta Bhattacharya,Ashwin Srinivasan,Sravan Danda,Shubhangi Krushnachandra Gawali,Devashish Gosain,Gargi Sanket Prabhu,A. Baskar,Harikrishnan N. B.,Siddharth Gupta,Sujith Thomas,Sougata Sen,Tanmay Tulsidas Verlekart,Bharat Madhusudan Deshpande,Ramprasad S. Joshi,Swati Agarwal,Swaroop Joshi,A. Baskar,Snehanshu Saha,Aditya Challa,Ashwin Srinivasan,Bharat Madhusudan Deshpande,Devashish Gosain,Diptendu Chatterjee,Gargi Sanket Prabhu,Rajesh Kumar,Hemant Rathore
Design Patterns and Object-Oriented Analysis,Arnab Kumar Paul,Sanjay K. Sahay,Kunal Kishore Korgaonkar,Biju K. Raveendran Nair,Basabdatta Bhattacharya,Ashwin Srinivasan,Sravan Danda,Shubhangi Krushnachandra Gawali,Devashish Gosain,Gargi Sanket Prabhu,A. Baskar,Harikrishnan N. B.,Siddharth Gupta,Sujith Thomas,Sougata Sen,Tanmay Tulsidas Verlekart,Bharat Madhusudan Deshpande,Ramprasad S. Joshi,Swati Agarwal,Swaroop Joshi,A. Baskar,Snehanshu Saha,Aditya Challa,Ashwin Srinivasan,Bharat Madhusudan Deshpande,Devashish Gosain,Diptendu Chatterjee,Gargi Sanket Prabhu,Rajesh Kumar,Hemant Rathore
Artificial Intelligence�,Arnab Kumar Paul,Sanjay K. Sahay,Kunal Kishore Korgaonkar,Biju K. Raveendran Nair,Basabdatta Bhattacharya,Ashwin Srinivasan,Sravan Danda,Shubhangi Krushnachandra Gawali,Devashish Gosain,Gargi Sanket Prabhu,A. Baskar,Harikrishnan N. B.,Siddharth Gupta,Sujith Thomas,Sougata Sen,Tanmay Tulsidas Verlekart,Bharat Madhusudan Deshpande,Ramprasad S. Joshi,Swati Agarwal,Swaroop Joshi,A. Baskar,Snehanshu Saha,Aditya Challa,Ashwin Srinivasan,Bharat Madhusudan Deshpande,Devashish Gosain,Diptendu Chatterjee,Gargi Sanket Prabhu,Rajesh Kumar,Hemant Rathore
Research Preperation in Computer Science,Arnab Kumar Paul,Sanjay K. Sahay,Kunal Kishore Korgaonkar,Biju K. Raveendran Nair,Basabdatta Bhattacharya,Ashwin Srinivasan,Sravan Danda,Shubhangi Krushnachandra Gawali,Devashish Gosain,Gargi Sanket Prabhu,A. Baskar,Harikrishnan N. B.,Siddharth Gupta,Sujith Thomas,Sougata Sen,Tanmay Tulsidas Verlekart,Bharat Madhusudan Deshpande,Ramprasad S. Joshi,Swati Agarwal,Swaroop Joshi,A. Baskar,Snehanshu Saha,Aditya Challa,Ashwin Srinivasan,Bharat Madhusudan Deshpande,Devashish Gosain,Diptendu Chatterjee,Gargi Sanket Prabhu,Rajesh Kumar,Hemant Rathore
Introduction to Bioinformatics,Arnab Kumar Paul,Sanjay K. Sahay,Kunal Kishore Korgaonkar,Biju K. Raveendran Nair,Basabdatta Bhattacharya,Ashwin Srinivasan,Sravan Danda,Shubhangi Krushnachandra Gawali,Devashish Gosain,Gargi Sanket Prabhu,A. Baskar,Harikrishnan N. B.,Siddharth Gupta,Sujith Thomas,Sougata Sen,Tanmay Tulsidas Verlekart,Bharat Madhusudan Deshpande,Ramprasad S. Joshi,Swati Agarwal,Swaroop Joshi,A. Baskar,Snehanshu Saha,Aditya Challa,Ashwin Srinivasan,Bharat Madhusudan Deshpande,Devashish Gosain,Diptendu Chatterjee,Gargi Sanket Prabhu,Rajesh Kumar,Hemant Rathore
Advanced Computer Architectures,Arnab Kumar Paul,Sanjay K. Sahay,Kunal Kishore Korgaonkar,Biju K. Raveendran Nair,Basabdatta Bhattacharya,Ashwin Srinivasan,Sravan Danda,Shubhangi Krushnachandra Gawali,Devashish Gosain,Gargi Sanket Prabhu,A. Baskar,Harikrishnan N. B.,Siddharth Gupta,Sujith Thomas,Sougata Sen,Tanmay Tulsidas Verlekart,Bharat Madhusudan Deshpande,Ramprasad S. Joshi,Swati Agarwal,Swaroop Joshi,A. Baskar,Snehanshu Saha,Aditya Challa,Ashwin Srinivasan,Bharat Madhusudan Deshpande,Devashish Gosain,Diptendu Chatterjee,Gargi Sanket Prabhu,Rajesh Kumar,Hemant Rathore
Introduction to Computer Graphics,Arnab Kumar Paul,Sanjay K. Sahay,Kunal Kishore Korgaonkar,Biju K. Raveendran Nair,Basabdatta Bhattacharya,Ashwin Srinivasan,Sravan Danda,Shubhangi Krushnachandra Gawali,Devashish Gosain,Gargi Sanket Prabhu,A. Baskar,Harikrishnan N. B.,Siddharth Gupta,Sujith Thomas,Sougata Sen,Tanmay Tulsidas Verlekart,Bharat Madhusudan Deshpande,Ramprasad S. Joshi,Swati Agarwal,Swaroop Joshi,A. Baskar,Snehanshu Saha,Aditya Challa,Ashwin Srinivasan,Bharat Madhusudan Deshpande,Devashish Gosain,Diptendu Chatterjee,Gargi Sanket Prabhu,Rajesh Kumar,Hemant Rathore
Cryptography and Network Security,Arnab Kumar Paul,Sanjay K. Sahay,Kunal Kishore Korgaonkar,Biju K. Raveendran Nair,Basabdatta Bhattacharya,Ashwin Srinivasan,Sravan Danda,Shubhangi Krushnachandra Gawali,Devashish Gosain,Gargi Sanket Prabhu,A. Baskar,Harikrishnan N. B.,Siddharth Gupta,Sujith Thomas,Sougata Sen,Tanmay Tulsidas Verlekart,Bharat Madhusudan Deshpande,Ramprasad S. Joshi,Swati Agarwal,Swaroop Joshi,A. Baskar,Snehanshu Saha,Aditya Challa,Ashwin Srinivasan,Bharat Madhusudan Deshpande,Devashish Gosain,Diptendu Chatterjee,Gargi Sanket Prabhu,Rajesh Kumar,Hemant Rathore
Introduction to 3D Game Graphics,Arnab Kumar Paul,Sanjay K. Sahay,Kunal Kishore Korgaonkar,Biju K. Raveendran Nair,Basabdatta Bhattacharya,Ashwin Srinivasan,Sravan Danda,Shubhangi Krushnachandra Gawali,Devashish Gosain,Gargi Sanket Prabhu,A. Baskar,Harikrishnan N. B.,Siddharth Gupta,Sujith Thomas,Sougata Sen,Tanmay Tulsidas Verlekart,Bharat Madhusudan Deshpande,Ramprasad S. Joshi,Swati Agarwal,Swaroop Joshi,A. Baskar,Snehanshu Saha,Aditya Challa,Ashwin Srinivasan,Bharat Madhusudan Deshpande,Devashish Gosain,Diptendu Chatterjee,Gargi Sanket Prabhu,Rajesh Kumar,Hemant Rathore
Advanced Programming Languages,Arnab Kumar Paul,Sanjay K. Sahay,Kunal Kishore Korgaonkar,Biju K. Raveendran Nair,Basabdatta Bhattacharya,Ashwin Srinivasan,Sravan Danda,Shubhangi Krushnachandra Gawali,Devashish Gosain,Gargi Sanket Prabhu,A. Baskar,Harikrishnan N. B.,Siddharth Gupta,Sujith Thomas,Sougata Sen,Tanmay Tulsidas Verlekart,Bharat Madhusudan Deshpande,Ramprasad S. Joshi,Swati Agarwal,Swaroop Joshi,A. Baskar,Snehanshu Saha,Aditya Challa,Ashwin Srinivasan,Bharat Madhusudan Deshpande,Devashish Gosain,Diptendu Chatterjee,Gargi Sanket Prabhu,Rajesh Kumar,Hemant Rathore
Compilers,Arnab Kumar Paul,Sanjay K. Sahay,Kunal Kishore Korgaonkar,Biju K. Raveendran Nair,Basabdatta Bhattacharya,Ashwin Srinivasan,Sravan Danda,Shubhangi Krushnachandra Gawali,Devashish Gosain,Gargi Sanket Prabhu,A. Baskar,Harikrishnan N. B.,Siddharth Gupta,Sujith Thomas,Sougata Sen,Tanmay Tulsidas Verlekart,Bharat Madhusudan Deshpande,Ramprasad S. Joshi,Swati Agarwal,Swaroop Joshi,A. Baskar,Snehanshu Saha,Aditya Challa,Ashwin Srinivasan,Bharat Madhusudan Deshpande,Devashish Gosain,Diptendu Chatterjee,Gargi Sanket Prabhu,Rajesh Kumar,Hemant Rathore
Intelligent Information Retrieval,Arnab Kumar Paul,Sanjay K. Sahay,Kunal Kishore Korgaonkar,Biju K. Raveendran Nair,Basabdatta Bhattacharya,Ashwin Srinivasan,Sravan Danda,Shubhangi Krushnachandra Gawali,Devashish Gosain,Gargi Sanket Prabhu,A. Baskar,Harikrishnan N. B.,Siddharth Gupta,Sujith Thomas,Sougata Sen,Tanmay Tulsidas Verlekart,Bharat Madhusudan Deshpande,Ramprasad S. Joshi,Swati Agarwal,Swaroop Joshi,A. Baskar,Snehanshu Saha,Aditya Challa,Ashwin Srinivasan,Bharat Madhusudan Deshpande,Devashish Gosain,Diptendu Chatterjee,Gargi Sanket Prabhu,Rajesh Kumar,Hemant Rathore
Intelligent Tutoring Systems,Arnab Kumar Paul,Sanjay K. Sahay,Kunal Kishore Korgaonkar,Biju K. Raveendran Nair,Basabdatta Bhattacharya,Ashwin Srinivasan,Sravan Danda,Shubhangi Krushnachandra Gawali,Devashish Gosain,Gargi Sanket Prabhu,A. Baskar,Harikrishnan N. B.,Siddharth Gupta,Sujith Thomas,Sougata Sen,Tanmay Tulsidas Verlekart,Bharat Madhusudan Deshpande,Ramprasad S. Joshi,Swati Agarwal,Swaroop Joshi,A. Baskar,Snehanshu Saha,Aditya Challa,Ashwin Srinivasan,Bharat Madhusudan Deshpande,Devashish Gosain,Diptendu Chatterjee,Gargi Sanket Prabhu,Rajesh Kumar,Hemant Rathore
Thesis Extension,Arnab Kumar Paul,Sanjay K. Sahay,Kunal Kishore Korgaonkar,Biju K. Raveendran Nair,Basabdatta Bhattacharya,Ashwin Srinivasan,Sravan Danda,Shubhangi Krushnachandra Gawali,Devashish Gosain,Gargi Sanket Prabhu,A. Baskar,Harikrishnan N. B.,Siddharth Gupta,Sujith Thomas,Sougata Sen,Tanmay Tulsidas Verlekart,Bharat Madhusudan Deshpande,Ramprasad S. Joshi,Swati Agarwal,Swaroop Joshi,A. Baskar,Snehanshu Saha,Aditya Challa,Ashwin Srinivasan,Bharat Madhusudan Deshpande,Devashish Gosain,Diptendu Chatterjee,Gargi Sanket Prabhu,Rajesh Kumar,Hemant Rathore
Masters Thesis,Arnab Kumar Paul,Sanjay K. Sahay,Kunal Kishore Korgaonkar,Biju K. Raveendran Nair,Basabdatta Bhattacharya,Ashwin Srinivasan,Sravan Danda,Shubhangi Krushnachandra Gawali,Devashish Gosain,Gargi Sanket Prabhu,A. Baskar,Harikrishnan N. B.,Siddharth Gupta,Sujith Thomas,Sougata Sen,Tanmay Tulsidas Verlekart,Bharat Madhusudan Deshpande,Ramprasad S. Joshi,Swati Agarwal,Swaroop Joshi,A. Baskar,Snehanshu Saha,Aditya Challa,Ashwin Srinivasan,Bharat Madhusudan Deshpande,Devashish Gosain,Diptendu Chatterjee,Gargi Sanket Prabhu,Rajesh Kumar,Hemant Rathore
Graduate Topics in Computer Science,Arnab Kumar Paul,Sanjay K. Sahay,Kunal Kishore Korgaonkar,Biju K. Raveendran Nair,Basabdatta Bhattacharya,Ashwin Srinivasan,Sravan Danda,Shubhangi Krushnachandra Gawali,Devashish Gosain,Gargi Sanket Prabhu,A. Baskar,Harikrishnan N. B.,Siddharth Gupta,Sujith Thomas,Sougata Sen,Tanmay Tulsidas Verlekart,Bharat Madhusudan Deshpande,Ramprasad S. Joshi,Swati Agarwal,Swaroop Joshi,A. Baskar,Snehanshu Saha,Aditya Challa,Ashwin Srinivasan,Bharat Madhusudan Deshpande,Devashish Gosain,Diptendu Chatterjee,Gargi Sanket Prabhu,Rajesh Kumar,Hemant Rathore
Graduate Individual Study in Computer Science,Arnab Kumar Paul,Sanjay K. Sahay,Kunal Kishore Korgaonkar,Biju K. Raveendran Nair,Basabdatta Bhattacharya,Ashwin Srinivasan,Sravan Danda,Shubhangi Krushnachandra Gawali,Devashish Gosain,Gargi Sanket Prabhu,A. Baskar,Harikrishnan N. B.,Siddharth Gupta,Sujith Thomas,Sougata Sen,Tanmay Tulsidas Verlekart,Bharat Madhusudan Deshpande,Ramprasad S. Joshi,Swati Agarwal,Swaroop Joshi,A. Baskar,Snehanshu Saha,Aditya Challa,Ashwin Srinivasan,Bharat Madhusudan Deshpande,Devashish Gosain,Diptendu Chatterjee,Gargi Sanket Prabhu,Rajesh Kumar,Hemant Rathore
Advanced Internet of Things,Arnab Kumar Paul,Sanjay K. Sahay,Kunal Kishore Korgaonkar,Biju K. Raveendran Nair,Basabdatta Bhattacharya,Ashwin Srinivasan,Sravan Danda,Shubhangi Krushnachandra Gawali,Devashish Gosain,Gargi Sanket Prabhu,A. Baskar,Harikrishnan N. B.,Siddharth Gupta,Sujith Thomas,Sougata Sen,Tanmay Tulsidas Verlekart,Bharat Madhusudan Deshpande,Ramprasad S. Joshi,Swati Agarwal,Swaroop Joshi,A. Baskar,Snehanshu Saha,Aditya Challa,Ashwin Srinivasan,Bharat Madhusudan Deshpande,Devashish Gosain,Diptendu Chatterjee,Gargi Sanket Prabhu,Rajesh Kumar,Hemant Rathore
Text Mining,Arnab Kumar Paul,Sanjay K. Sahay,Kunal Kishore Korgaonkar,Biju K. Raveendran Nair,Basabdatta Bhattacharya,Ashwin Srinivasan,Sravan Danda,Shubhangi Krushnachandra Gawali,Devashish Gosain,Gargi Sanket Prabhu,A. Baskar,Harikrishnan N. B.,Siddharth Gupta,Sujith Thomas,Sougata Sen,Tanmay Tulsidas Verlekart,Bharat Madhusudan Deshpande,Ramprasad S. Joshi,Swati Agarwal,Swaroop Joshi,A. Baskar,Snehanshu Saha,Aditya Challa,Ashwin Srinivasan,Bharat Madhusudan Deshpande,Devashish Gosain,Diptendu Chatterjee,Gargi Sanket Prabhu,Rajesh Kumar,Hemant Rathore
Developing Intelligent Tutoring Systems,Arnab Kumar Paul,Sanjay K. Sahay,Kunal Kishore Korgaonkar,Biju K. Raveendran Nair,Basabdatta Bhattacharya,Ashwin Srinivasan,Sravan Danda,Shubhangi Krushnachandra Gawali,Devashish Gosain,Gargi Sanket Prabhu,A. Baskar,Harikrishnan N. B.,Siddharth Gupta,Sujith Thomas,Sougata Sen,Tanmay Tulsidas Verlekart,Bharat Madhusudan Deshpande,Ramprasad S. Joshi,Swati Agarwal,Swaroop Joshi,A. Baskar,Snehanshu Saha,Aditya Challa,Ashwin Srinivasan,Bharat Madhusudan Deshpande,Devashish Gosain,Diptendu Chatterjee,Gargi Sanket Prabhu,Rajesh Kumar,Hemant Rathore
Artificial Neural Networks and Forecasting,Arnab Kumar Paul,Sanjay K. Sahay,Kunal Kishore Korgaonkar,Biju K. Raveendran Nair,Basabdatta Bhattacharya,Ashwin Srinivasan,Sravan Danda,Shubhangi Krushnachandra Gawali,Devashish Gosain,Gargi Sanket Prabhu,A. Baskar,Harikrishnan N. B.,Siddharth Gupta,Sujith Thomas,Sougata Sen,Tanmay Tulsidas Verlekart,Bharat Madhusudan Deshpande,Ramprasad S. Joshi,Swati Agarwal,Swaroop Joshi,A. Baskar,Snehanshu Saha,Aditya Challa,Ashwin Srinivasan,Bharat Madhusudan Deshpande,Devashish Gosain,Diptendu Chatterjee,Gargi Sanket Prabhu,Rajesh Kumar,Hemant Rathore
Advanced Artificial Intelligence,Arnab Kumar Paul,Sanjay K. Sahay,Kunal Kishore Korgaonkar,Biju K. Raveendran Nair,Basabdatta Bhattacharya,Ashwin Srinivasan,Sravan Danda,Shubhangi Krushnachandra Gawali,Devashish Gosain,Gargi Sanket Prabhu,A. Baskar,Harikrishnan N. B.,Siddharth Gupta,Sujith Thomas,Sougata Sen,Tanmay Tulsidas Verlekart,Bharat Madhusudan Deshpande,Ramprasad S. Joshi,Swati Agarwal,Swaroop Joshi,A. Baskar,Snehanshu Saha,Aditya Challa,Ashwin Srinivasan,Bharat Madhusudan Deshpande,Devashish Gosain,Diptendu Chatterjee,Gargi Sanket Prabhu,Rajesh Kumar,Hemant Rathore
Algorithm Design and Analysis,Arnab Kumar Paul,Sanjay K. Sahay,Kunal Kishore Korgaonkar,Biju K. Raveendran Nair,Basabdatta Bhattacharya,Ashwin Srinivasan,Sravan Danda,Shubhangi Krushnachandra Gawali,Devashish Gosain,Gargi Sanket Prabhu,A. Baskar,Harikrishnan N. B.,Siddharth Gupta,Sujith Thomas,Sougata Sen,Tanmay Tulsidas Verlekart,Bharat Madhusudan Deshpande,Ramprasad S. Joshi,Swati Agarwal,Swaroop Joshi,A. Baskar,Snehanshu Saha,Aditya Challa,Ashwin Srinivasan,Bharat Madhusudan Deshpande,Devashish Gosain,Diptendu Chatterjee,Gargi Sanket Prabhu,Rajesh Kumar,Hemant Rathore
Computational Thinking and Problem Solving,Arnab Kumar Paul,Sanjay K. Sahay,Kunal Kishore Korgaonkar,Biju K. Raveendran Nair,Basabdatta Bhattacharya,Ashwin Srinivasan,Sravan Danda,Shubhangi Krushnachandra Gawali,Devashish Gosain,Gargi Sanket Prabhu,A. Baskar,Harikrishnan N. B.,Siddharth Gupta,Sujith Thomas,Sougata Sen,Tanmay Tulsidas Verlekart,Bharat Madhusudan Deshpande,Ramprasad S. Joshi,Swati Agarwal,Swaroop Joshi,A. Baskar,Snehanshu Saha,Aditya Challa,Ashwin Srinivasan,Bharat Madhusudan Deshpande,Devashish Gosain,Diptendu Chatterjee,Gargi Sanket Prabhu,Rajesh Kumar,Hemant Rathore
Pattern Recognition,Arnab Kumar Paul,Sanjay K. Sahay,Kunal Kishore Korgaonkar,Biju K. Raveendran Nair,Basabdatta Bhattacharya,Ashwin Srinivasan,Sravan Danda,Shubhangi Krushnachandra Gawali,Devashish Gosain,Gargi Sanket Prabhu,A. Baskar,Harikrishnan N. B.,Siddharth Gupta,Sujith Thomas,Sougata Sen,Tanmay Tulsidas Verlekart,Bharat Madhusudan Deshpande,Ramprasad S. Joshi,Swati Agarwal,Swaroop Joshi,A. Baskar,Snehanshu Saha,Aditya Challa,Ashwin Srinivasan,Bharat Madhusudan Deshpande,Devashish Gosain,Diptendu Chatterjee,Gargi Sanket Prabhu,Rajesh Kumar,Hemant Rathore
Computer Vision & Pattern Recognition,Arnab Kumar Paul,Sanjay K. Sahay,Kunal Kishore Korgaonkar,Biju K. Raveendran Nair,Basabdatta Bhattacharya,Ashwin Srinivasan,Sravan Danda,Shubhangi Krushnachandra Gawali,Devashish Gosain,Gargi Sanket Prabhu,A. Baskar,Harikrishnan N. B.,Siddharth Gupta,Sujith Thomas,Sougata Sen,Tanmay Tulsidas Verlekart,Bharat Madhusudan Deshpande,Ramprasad S. Joshi,Swati Agarwal,Swaroop Joshi,A. Baskar,Snehanshu Saha,Aditya Challa,Ashwin Srinivasan,Bharat Madhusudan Deshpande,Devashish Gosain,Diptendu Chatterjee,Gargi Sanket Prabhu,Rajesh Kumar,Hemant Rathore
Part-time CPT in CEG,Arnab Kumar Paul,Sanjay K. Sahay,Kunal Kishore Korgaonkar,Biju K. Raveendran Nair,Basabdatta Bhattacharya,Ashwin Srinivasan,Sravan Danda,Shubhangi Krushnachandra Gawali,Devashish Gosain,Gargi Sanket Prabhu,A. Baskar,Harikrishnan N. B.,Siddharth Gupta,Sujith Thomas,Sougata Sen,Tanmay Tulsidas Verlekart,Bharat Madhusudan Deshpande,Ramprasad S. Joshi,Swati Agarwal,Swaroop Joshi,A. Baskar,Snehanshu Saha,Aditya Challa,Ashwin Srinivasan,Bharat Madhusudan Deshpande,Devashish Gosain,Diptendu Chatterjee,Gargi Sanket Prabhu,Rajesh Kumar,Hemant Rathore
Full-time CPT in CEG,Arnab Kumar Paul,Sanjay K. Sahay,Kunal Kishore Korgaonkar,Biju K. Raveendran Nair,Basabdatta Bhattacharya,Ashwin Srinivasan,Sravan Danda,Shubhangi Krushnachandra Gawali,Devashish Gosain,Gargi Sanket Prabhu,A. Baskar,Harikrishnan N. B.,Siddharth Gupta,Sujith Thomas,Sougata Sen,Tanmay Tulsidas Verlekart,Bharat Madhusudan Deshpande,Ramprasad S. Joshi,Swati Agarwal,Swaroop Joshi,A. Baskar,Snehanshu Saha,Aditya Challa,Ashwin Srinivasan,Bharat Madhusudan Deshpande,Devashish Gosain,Diptendu Chatterjee,Gargi Sanket Prabhu,Rajesh Kumar,Hemant Rathore
Independent Study in Computer Engineering,Arnab Kumar Paul,Sanjay K. Sahay,Kunal Kishore Korgaonkar,Biju K. Raveendran Nair,Basabdatta Bhattacharya,Ashwin Srinivasan,Sravan Danda,Shubhangi Krushnachandra Gawali,Devashish Gosain,Gargi Sanket Prabhu,A. Baskar,Harikrishnan N. B.,Siddharth Gupta,Sujith Thomas,Sougata Sen,Tanmay Tulsidas Verlekart,Bharat Madhusudan Deshpande,Ramprasad S. Joshi,Swati Agarwal,Swaroop Joshi,A. Baskar,Snehanshu Saha,Aditya Challa,Ashwin Srinivasan,Bharat Madhusudan Deshpande,Devashish Gosain,Diptendu Chatterjee,Gargi Sanket Prabhu,Rajesh Kumar,Hemant Rathore
Pattern Recognition,Arnab Kumar Paul,Sanjay K. Sahay,Kunal Kishore Korgaonkar,Biju K. Raveendran Nair,Basabdatta Bhattacharya,Ashwin Srinivasan,Sravan Danda,Shubhangi Krushnachandra Gawali,Devashish Gosain,Gargi Sanket Prabhu,A. Baskar,Harikrishnan N. B.,Siddharth Gupta,Sujith Thomas,Sougata Sen,Tanmay Tulsidas Verlekart,Bharat Madhusudan Deshpande,Ramprasad S. Joshi,Swati Agarwal,Swaroop Joshi,A. Baskar,Snehanshu Saha,Aditya Challa,Ashwin Srinivasan,Bharat Madhusudan Deshpande,Devashish Gosain,Diptendu Chatterjee,Gargi Sanket Prabhu,Rajesh Kumar,Hemant Rathore
Distributed Computing,Arnab Kumar Paul,Sanjay K. Sahay,Kunal Kishore Korgaonkar,Biju K. Raveendran Nair,Basabdatta Bhattacharya,Ashwin Srinivasan,Sravan Danda,Shubhangi Krushnachandra Gawali,Devashish Gosain,Gargi Sanket Prabhu,A. Baskar,Harikrishnan N. B.,Siddharth Gupta,Sujith Thomas,Sougata Sen,Tanmay Tulsidas Verlekart,Bharat Madhusudan Deshpande,Ramprasad S. Joshi,Swati Agarwal,Swaroop Joshi,A. Baskar,Snehanshu Saha,Aditya Challa,Ashwin Srinivasan,Bharat Madhusudan Deshpande,Devashish Gosain,Diptendu Chatterjee,Gargi Sanket Prabhu,Rajesh Kumar,Hemant Rathore
Embedded Systems,Arnab Kumar Paul,Sanjay K. Sahay,Kunal Kishore Korgaonkar,Biju K. Raveendran Nair,Basabdatta Bhattacharya,Ashwin Srinivasan,Sravan Danda,Shubhangi Krushnachandra Gawali,Devashish Gosain,Gargi Sanket Prabhu,A. Baskar,Harikrishnan N. B.,Siddharth Gupta,Sujith Thomas,Sougata Sen,Tanmay Tulsidas Verlekart,Bharat Madhusudan Deshpande,Ramprasad S. Joshi,Swati Agarwal,Swaroop Joshi,A. Baskar,Snehanshu Saha,Aditya Challa,Ashwin Srinivasan,Bharat Madhusudan Deshpande,Devashish Gosain,Diptendu Chatterjee,Gargi Sanket Prabhu,Rajesh Kumar,Hemant Rathore
Dissertation Defense in Computer Science,Arnab Kumar Paul,Sanjay K. Sahay,Kunal Kishore Korgaonkar,Biju K. Raveendran Nair,Basabdatta Bhattacharya,Ashwin Srinivasan,Sravan Danda,Shubhangi Krushnachandra Gawali,Devashish Gosain,Gargi Sanket Prabhu,A. Baskar,Harikrishnan N. B.,Siddharth Gupta,Sujith Thomas,Sougata Sen,Tanmay Tulsidas Verlekart,Bharat Madhusudan Deshpande,Ramprasad S. Joshi,Swati Agarwal,Swaroop Joshi,A. Baskar,Snehanshu Saha,Aditya Challa,Ashwin Srinivasan,Bharat Madhusudan Deshpande,Devashish Gosain,Diptendu Chatterjee,Gargi Sanket Prabhu,Rajesh Kumar,Hemant Rathore
Continuing Registration in Computer Science,Arnab Kumar Paul,Sanjay K. Sahay,Kunal Kishore Korgaonkar,Biju K. Raveendran Nair,Basabdatta Bhattacharya,Ashwin Srinivasan,Sravan Danda,Shubhangi Krushnachandra Gawali,Devashish Gosain,Gargi Sanket Prabhu,A. Baskar,Harikrishnan N. B.,Siddharth Gupta,Sujith Thomas,Sougata Sen,Tanmay Tulsidas Verlekart,Bharat Madhusudan Deshpande,Ramprasad S. Joshi,Swati Agarwal,Swaroop Joshi,A. Baskar,Snehanshu Saha,Aditya Challa,Ashwin Srinivasan,Bharat Madhusudan Deshpande,Devashish Gosain,Diptendu Chatterjee,Gargi Sanket Prabhu,Rajesh Kumar,Hemant Rathore
Residency Research in Computer Science,Arnab Kumar Paul,Sanjay K. Sahay,Kunal Kishore Korgaonkar,Biju K. Raveendran Nair,Basabdatta Bhattacharya,Ashwin Srinivasan,Sravan Danda,Shubhangi Krushnachandra Gawali,Devashish Gosain,Gargi Sanket Prabhu,A. Baskar,Harikrishnan N. B.,Siddharth Gupta,Sujith Thomas,Sougata Sen,Tanmay Tulsidas Verlekart,Bharat Madhusudan Deshpande,Ramprasad S. Joshi,Swati Agarwal,Swaroop Joshi,A. Baskar,Snehanshu Saha,Aditya Challa,Ashwin Srinivasan,Bharat Madhusudan Deshpande,Devashish Gosain,Diptendu Chatterjee,Gargi Sanket Prabhu,Rajesh Kumar,Hemant Rathore
Independent Study in Computer Science,Arnab Kumar Paul,Sanjay K. Sahay,Kunal Kishore Korgaonkar,Biju K. Raveendran Nair,Basabdatta Bhattacharya,Ashwin Srinivasan,Sravan Danda,Shubhangi Krushnachandra Gawali,Devashish Gosain,Gargi Sanket Prabhu,A. Baskar,Harikrishnan N. B.,Siddharth Gupta,Sujith Thomas,Sougata Sen,Tanmay Tulsidas Verlekart,Bharat Madhusudan Deshpande,Ramprasad S. Joshi,Swati Agarwal,Swaroop Joshi,A. Baskar,Snehanshu Saha,Aditya Challa,Ashwin Srinivasan,Bharat Madhusudan Deshpande,Devashish Gosain,Diptendu Chatterjee,Gargi Sanket Prabhu,Rajesh Kumar,Hemant Rathore
Dissertation Research in Computer Science,Arnab Kumar Paul,Sanjay K. Sahay,Kunal Kishore Korgaonkar,Biju K. Raveendran Nair,Basabdatta Bhattacharya,Ashwin Srinivasan,Sravan Danda,Shubhangi Krushnachandra Gawali,Devashish Gosain,Gargi Sanket Prabhu,A. Baskar,Harikrishnan N. B.,Siddharth Gupta,Sujith Thomas,Sougata Sen,Tanmay Tulsidas Verlekart,Bharat Madhusudan Deshpande,Ramprasad S. Joshi,Swati Agarwal,Swaroop Joshi,A. Baskar,Snehanshu Saha,Aditya Challa,Ashwin Srinivasan,Bharat Madhusudan Deshpande,Devashish Gosain,Diptendu Chatterjee,Gargi Sanket Prabhu,Rajesh Kumar,Hemant Rathore
Special Topics in Computer Science,Arnab Kumar Paul,Sanjay K. Sahay,Kunal Kishore Korgaonkar,Biju K. Raveendran Nair,Basabdatta Bhattacharya,Ashwin Srinivasan,Sravan Danda,Shubhangi Krushnachandra Gawali,Devashish Gosain,Gargi Sanket Prabhu,A. Baskar,Harikrishnan N. B.,Siddharth Gupta,Sujith Thomas,Sougata Sen,Tanmay Tulsidas Verlekart,Bharat Madhusudan Deshpande,Ramprasad S. Joshi,Swati Agarwal,Swaroop Joshi,A. Baskar,Snehanshu Saha,Aditya Challa,Ashwin Srinivasan,Bharat Madhusudan Deshpande,Devashish Gosain,Diptendu Chatterjee,Gargi Sanket Prabhu,Rajesh Kumar,Hemant Rathore
Capstone Project - Cyber Security,Arnab Kumar Paul,Sanjay K. Sahay,Kunal Kishore Korgaonkar,Biju K. Raveendran Nair,Basabdatta Bhattacharya,Ashwin Srinivasan,Sravan Danda,Shubhangi Krushnachandra Gawali,Devashish Gosain,Gargi Sanket Prabhu,A. Baskar,Harikrishnan N. B.,Siddharth Gupta,Sujith Thomas,Sougata Sen,Tanmay Tulsidas Verlekart,Bharat Madhusudan Deshpande,Ramprasad S. Joshi,Swati Agarwal,Swaroop Joshi,A. Baskar,Snehanshu Saha,Aditya Challa,Ashwin Srinivasan,Bharat Madhusudan Deshpande,Devashish Gosain,Diptendu Chatterjee,Gargi Sanket Prabhu,Rajesh Kumar,Hemant Rathore
Soft Computing,Arnab Kumar Paul,Sanjay K. Sahay,Kunal Kishore Korgaonkar,Biju K. Raveendran Nair,Basabdatta Bhattacharya,Ashwin Srinivasan,Sravan Danda,Shubhangi Krushnachandra Gawali,Devashish Gosain,Gargi Sanket Prabhu,A. Baskar,Harikrishnan N. B.,Siddharth Gupta,Sujith Thomas,Sougata Sen,Tanmay Tulsidas Verlekart,Bharat Madhusudan Deshpande,Ramprasad S. Joshi,Swati Agarwal,Swaroop Joshi,A. Baskar,Snehanshu Saha,Aditya Challa,Ashwin Srinivasan,Bharat Madhusudan Deshpande,Devashish Gosain,Diptendu Chatterjee,Gargi Sanket Prabhu,Rajesh Kumar,Hemant Rathore
Special Topics in Computer Science,Arnab Kumar Paul,Sanjay K. Sahay,Kunal Kishore Korgaonkar,Biju K. Raveendran Nair,Basabdatta Bhattacharya,Ashwin Srinivasan,Sravan Danda,Shubhangi Krushnachandra Gawali,Devashish Gosain,Gargi Sanket Prabhu,A. Baskar,Harikrishnan N. B.,Siddharth Gupta,Sujith Thomas,Sougata Sen,Tanmay Tulsidas Verlekart,Bharat Madhusudan Deshpande,Ramprasad S. Joshi,Swati Agarwal,Swaroop Joshi,A. Baskar,Snehanshu Saha,Aditya Challa,Ashwin Srinivasan,Bharat Madhusudan Deshpande,Devashish Gosain,Diptendu Chatterjee,Gargi Sanket Prabhu,Rajesh Kumar,Hemant Rathore
Metadata Representation Languages,Arnab Kumar Paul,Sanjay K. Sahay,Kunal Kishore Korgaonkar,Biju K. Raveendran Nair,Basabdatta Bhattacharya,Ashwin Srinivasan,Sravan Danda,Shubhangi Krushnachandra Gawali,Devashish Gosain,Gargi Sanket Prabhu,A. Baskar,Harikrishnan N. B.,Siddharth Gupta,Sujith Thomas,Sougata Sen,Tanmay Tulsidas Verlekart,Bharat Madhusudan Deshpande,Ramprasad S. Joshi,Swati Agarwal,Swaroop Joshi,A. Baskar,Snehanshu Saha,Aditya Challa,Ashwin Srinivasan,Bharat Madhusudan Deshpande,Devashish Gosain,Diptendu Chatterjee,Gargi Sanket Prabhu,Rajesh Kumar,Hemant Rathore
Computability and Complexity,Arnab Kumar Paul,Sanjay K. Sahay,Kunal Kishore Korgaonkar,Biju K. Raveendran Nair,Basabdatta Bhattacharya,Ashwin Srinivasan,Sravan Danda,Shubhangi Krushnachandra Gawali,Devashish Gosain,Gargi Sanket Prabhu,A. Baskar,Harikrishnan N. B.,Siddharth Gupta,Sujith Thomas,Sougata Sen,Tanmay Tulsidas Verlekart,Bharat Madhusudan Deshpande,Ramprasad S. Joshi,Swati Agarwal,Swaroop Joshi,A. Baskar,Snehanshu Saha,Aditya Challa,Ashwin Srinivasan,Bharat Madhusudan Deshpande,Devashish Gosain,Diptendu Chatterjee,Gargi Sanket Prabhu,Rajesh Kumar,Hemant Rathore
Advanced Data Mining,Arnab Kumar Paul,Sanjay K. Sahay,Kunal Kishore Korgaonkar,Biju K. Raveendran Nair,Basabdatta Bhattacharya,Ashwin Srinivasan,Sravan Danda,Shubhangi Krushnachandra Gawali,Devashish Gosain,Gargi Sanket Prabhu,A. Baskar,Harikrishnan N. B.,Siddharth Gupta,Sujith Thomas,Sougata Sen,Tanmay Tulsidas Verlekart,Bharat Madhusudan Deshpande,Ramprasad S. Joshi,Swati Agarwal,Swaroop Joshi,A. Baskar,Snehanshu Saha,Aditya Challa,Ashwin Srinivasan,Bharat Madhusudan Deshpande,Devashish Gosain,Diptendu Chatterjee,Gargi Sanket Prabhu,Rajesh Kumar,Hemant Rathore
Numerical Methods for Partial Differential Equations,Arnab Kumar Paul,Sanjay K. Sahay,Kunal Kishore Korgaonkar,Biju K. Raveendran Nair,Basabdatta Bhattacharya,Ashwin Srinivasan,Sravan Danda,Shubhangi Krushnachandra Gawali,Devashish Gosain,Gargi Sanket Prabhu,A. Baskar,Harikrishnan N. B.,Siddharth Gupta,Sujith Thomas,Sougata Sen,Tanmay Tulsidas Verlekart,Bharat Madhusudan Deshpande,Ramprasad S. Joshi,Swati Agarwal,Swaroop Joshi,A. Baskar,Snehanshu Saha,Aditya Challa,Ashwin Srinivasan,Bharat Madhusudan Deshpande,Devashish Gosain,Diptendu Chatterjee,Gargi Sanket Prabhu,Rajesh Kumar,Hemant Rathore
